{
  "SM": 0.16814864122101325,
  "ICP": 0.29511044840030914,
  "IFN": 2.2857142857142856,
  "NED": 0.03749999999999998,
  "microservices": [
    [
      5
    ],
    [
      4
    ],
    [
      4,
      5
    ],
    [
      2
    ],
    [
      3
    ],
    [
      4
    ],
    [
      6
    ],
    [
      2
    ],
    [
      6
    ],
    [
      1
    ],
    [
      3
    ],
    [
      1
    ],
    [
      2
    ],
    [
      1
    ],
    [
      1
    ],
    [
      2
    ],
    [
      2
    ],
    [
      4,
      5
    ],
    [
      1
    ],
    [
      1
    ],
    [
      2
    ],
    [
      4,
      5
    ],
    [
      1
    ],
    [
      0
    ],
    [
      4,
      5
    ],
    [
      1
    ],
    [
      2
    ],
    [
      3
    ],
    [
      2
    ],
    [
      2
    ],
    [
      6
    ],
    [
      4
    ],
    [
      1
    ],
    [
      2
    ],
    [
      3
    ],
    [
      5
    ],
    [
      4
    ],
    [
      2
    ],
    [
      0
    ],
    [
      4,
      5
    ],
    [
      6
    ],
    [
      2
    ],
    [
      1
    ],
    [
      2
    ],
    [
      2
    ],
    [
      0
    ],
    [
      4,
      5
    ],
    [
      5
    ],
    [
      4,
      5
    ],
    [
      5
    ],
    [
      6
    ],
    [
      5
    ],
    [
      5
    ],
    [
      2
    ],
    [
      6
    ],
    [
      3
    ],
    [
      5
    ],
    [
      4,
      5
    ],
    [
      2
    ],
    [
      6
    ],
    [
      4,
      5
    ],
    [
      2
    ],
    [
      1
    ],
    [
      2
    ],
    [
      4,
      5
    ],
    [
      4
    ],
    [
      3
    ],
    [
      6
    ],
    [
      1
    ],
    [
      2
    ]
  ]
}