{
  "SM": -0.019965277777777776,
  "ICP": 0.6286872075843678,
  "IFN": 0.25,
  "NED": 0.4666666666666667,
  "microservices": [
    [
      2
    ],
    [
      0
    ],
    [
      1
    ],
    [
      0
    ],
    [
      0
    ],
    [
      1
    ],
    [
      1
    ],
    [
      1
    ],
    [
      1
    ],
    [
      3
    ],
    [
      2
    ],
    [
      2
    ],
    [
      1
    ],
    [
      1
    ],
    [
      1
    ]
  ]
}