{
  "SM": 0.007021696252465473,
  "ICP": 0.2478900605099268,
  "IFN": 1.3333333333333333,
  "NED": 0.0,
  "microservices": [
    [
      2
    ],
    [
      2
    ],
    [
      1
    ],
    [
      0,
      2
    ],
    [
      2
    ],
    [
      0
    ],
    [
      1
    ],
    [
      2
    ],
    [
      2
    ],
    [
      0
    ],
    [
      1
    ],
    [
      1,
      2
    ],
    [
      0,
      1,
      2
    ],
    [
      2
    ],
    [
      2
    ],
    [
      0
    ],
    [
      2
    ],
    [
      2
    ],
    [
      2
    ]
  ]
}