{
  "SM": -0.0201156462585034,
  "ICP": 0.25370946562135643,
  "IFN": 0.6666666666666666,
  "NED": 0.12121212121212122,
  "microservices": [
    [
      3
    ],
    [
      5
    ],
    [
      4
    ],
    [
      1
    ],
    [
      0
    ],
    [
      1,
      5
    ],
    [
      1
    ],
    [
      1
    ],
    [
      1,
      5
    ],
    [
      1,
      5
    ],
    [
      3
    ],
    [
      0
    ],
    [
      1
    ],
    [
      1
    ],
    [
      1,
      5
    ],
    [
      1,
      5
    ],
    [
      1
    ],
    [
      0
    ],
    [
      5
    ],
    [
      1
    ],
    [
      0
    ],
    [
      5
    ],
    [
      2
    ],
    [
      0
    ],
    [
      1
    ],
    [
      1,
      5
    ],
    [
      5
    ]
  ]
}