{
  "SM": 0.051024516061133014,
  "ICP": 0.6279570316116091,
  "IFN": 1.0909090909090908,
  "NED": 0.2542372881355932,
  "microservices": [
    [
      13
    ],
    [
      3
    ],
    [
      6
    ],
    [
      5
    ],
    [
      11
    ],
    [
      1
    ],
    [
      5
    ],
    [
      16
    ],
    [
      20
    ],
    [
      10
    ],
    [
      15
    ],
    [
      19
    ],
    [
      21
    ],
    [
      5
    ],
    [
      6
    ],
    [
      0
    ],
    [
      3
    ],
    [
      3
    ],
    [
      3
    ],
    [
      0
    ],
    [
      3
    ],
    [
      11
    ],
    [
      1
    ],
    [
      11
    ],
    [
      16
    ],
    [
      17
    ],
    [
      2
    ],
    [
      21
    ],
    [
      5
    ],
    [
      2
    ],
    [
      16
    ],
    [
      2
    ],
    [
      16
    ],
    [
      0
    ],
    [
      0
    ],
    [
      8,
      15
    ],
    [
      18
    ],
    [
      19
    ],
    [
      3
    ],
    [
      11
    ],
    [
      4
    ],
    [
      0
    ],
    [
      0
    ],
    [
      0
    ],
    [
      6
    ],
    [
      21
    ],
    [
      0
    ],
    [
      0
    ],
    [
      6
    ],
    [
      6
    ],
    [
      6
    ],
    [
      14
    ],
    [
      11
    ],
    [
      21
    ],
    [
      8,
      15
    ],
    [
      0
    ],
    [
      6
    ],
    [
      8
    ],
    [
      13
    ],
    [
      21
    ],
    [
      10
    ],
    [
      0
    ],
    [
      0
    ],
    [
      3
    ],
    [
      0
    ],
    [
      6
    ],
    [
      17
    ],
    [
      3
    ],
    [
      9
    ],
    [
      1
    ],
    [
      5
    ],
    [
      3
    ],
    [
      3
    ],
    [
      5
    ],
    [
      6
    ],
    [
      14
    ],
    [
      3
    ],
    [
      9
    ],
    [
      21
    ],
    [
      5
    ],
    [
      5
    ],
    [
      3
    ],
    [
      16
    ],
    [
      3
    ],
    [
      1
    ],
    [
      17
    ],
    [
      17
    ],
    [
      1
    ],
    [
      1
    ],
    [
      5
    ],
    [
      8,
      15
    ],
    [
      5
    ],
    [
      0
    ],
    [
      16
    ],
    [
      3
    ],
    [
      6
    ],
    [
      7
    ],
    [
      3
    ],
    [
      0
    ],
    [
      0
    ],
    [
      3
    ],
    [
      0
    ],
    [
      7
    ],
    [
      5
    ],
    [
      21
    ],
    [
      2
    ],
    [
      3
    ],
    [
      20
    ],
    [
      13
    ],
    [
      6
    ],
    [
      6
    ],
    [
      6
    ],
    [
      2
    ],
    [
      3
    ],
    [
      20
    ]
  ]
}