{
  "SM": 0.018482261257352767,
  "ICP": 0.19814241393951576,
  "IFN": 0.5,
  "NED": 0.2647058823529411,
  "microservices": [
    [
      0,
      9
    ],
    [
      0
    ],
    [
      2
    ],
    [
      0,
      5,
      9,
      10
    ],
    [
      0,
      9
    ],
    [
      2,
      10,
      5
    ],
    [
      5
    ],
    [
      5
    ],
    [
      9
    ],
    [
      10
    ],
    [
      0,
      5
    ],
    [
      4
    ],
    [
      0
    ],
    [
      4
    ],
    [
      9
    ],
    [
      0
    ],
    [
      0
    ],
    [
      4
    ],
    [
      2
    ],
    [
      2
    ],
    [
      5
    ],
    [
      0,
      5
    ],
    [
      4
    ],
    [
      10
    ],
    [
      10
    ],
    [
      10
    ],
    [
      0
    ],
    [
      9
    ],
    [
      4
    ],
    [
      0
    ],
    [
      5
    ],
    [
      2,
      10,
      5
    ],
    [
      4
    ],
    [
      6
    ],
    [
      9
    ],
    [
      10
    ],
    [
      5
    ],
    [
      8
    ],
    [
      10
    ],
    [
      9
    ],
    [
      10,
      5
    ],
    [
      10,
      5
    ],
    [
      0,
      4,
      5,
      9
    ],
    [
      1
    ],
    [
      9
    ],
    [
      5
    ],
    [
      11
    ],
    [
      4
    ],
    [
      0
    ],
    [
      5
    ],
    [
      10
    ],
    [
      9
    ],
    [
      10
    ],
    [
      4
    ],
    [
      4
    ],
    [
      4
    ],
    [
      10
    ],
    [
      5
    ],
    [
      4
    ],
    [
      2
    ],
    [
      4
    ],
    [
      5
    ],
    [
      10
    ],
    [
      0,
      4,
      5,
      9
    ],
    [
      2
    ],
    [
      2
    ],
    [
      0,
      9
    ],
    [
      9,
      10
    ],
    [
      7
    ],
    [
      0
    ],
    [
      5
    ],
    [
      10
    ],
    [
      0,
      5
    ],
    [
      0,
      5
    ],
    [
      4
    ],
    [
      3
    ],
    [
      10
    ],
    [
      10
    ],
    [
      0
    ]
  ]
}