{
  "SM": 0.017238658777120313,
  "ICP": 0.22308795285454439,
  "IFN": 0.6666666666666666,
  "NED": 0.11538461538461542,
  "microservices": [
    [
      3
    ],
    [
      3
    ],
    [
      1
    ],
    [
      0,
      3
    ],
    [
      3
    ],
    [
      0
    ],
    [
      1
    ],
    [
      3
    ],
    [
      3
    ],
    [
      0
    ],
    [
      1
    ],
    [
      1,
      3
    ],
    [
      0,
      1,
      3
    ],
    [
      3
    ],
    [
      3
    ],
    [
      0
    ],
    [
      3
    ],
    [
      3
    ],
    [
      3
    ],
    [
      2
    ],
    [
      5
    ],
    [
      4
    ]
  ]
}