{
  "SM": 0.06543527928393064,
  "ICP": 0.4021961843148904,
  "IFN": 1.25,
  "NED": 0.10204081632653061,
  "microservices": [
    [
      0
    ],
    [
      0
    ],
    [
      1,
      4
    ],
    [
      1
    ],
    [
      1
    ],
    [
      0
    ],
    [
      3
    ],
    [
      7
    ],
    [
      4
    ],
    [
      7
    ],
    [
      4
    ],
    [
      1
    ],
    [
      1
    ],
    [
      6
    ],
    [
      1
    ],
    [
      2
    ],
    [
      3
    ],
    [
      1
    ],
    [
      1
    ],
    [
      7
    ],
    [
      0
    ],
    [
      1
    ],
    [
      1
    ],
    [
      4
    ],
    [
      3
    ],
    [
      3
    ],
    [
      4
    ],
    [
      0
    ],
    [
      6
    ],
    [
      2
    ],
    [
      5
    ],
    [
      0
    ],
    [
      3
    ],
    [
      4
    ],
    [
      1
    ],
    [
      7
    ],
    [
      0
    ],
    [
      0
    ],
    [
      3
    ],
    [
      1
    ],
    [
      7
    ],
    [
      0
    ],
    [
      3
    ],
    [
      7
    ],
    [
      0
    ],
    [
      1
    ],
    [
      0
    ],
    [
      4
    ]
  ]
}