{
  "SM": 0.019923052749719415,
  "ICP": 0.03298978688310303,
  "IFN": 0.4,
  "NED": 0.7121212121212122,
  "microservices": [
    [
      1
    ],
    [
      3
    ],
    [
      3
    ],
    [
      3
    ],
    [
      2
    ],
    [
      3
    ],
    [
      2
    ],
    [
      2
    ],
    [
      2,
      3
    ],
    [
      1
    ],
    [
      3
    ],
    [
      4
    ],
    [
      4
    ],
    [
      2
    ],
    [
      3
    ],
    [
      0
    ],
    [
      2
    ],
    [
      3
    ],
    [
      4
    ],
    [
      0,
      3
    ],
    [
      2
    ],
    [
      1
    ],
    [
      2,
      3
    ],
    [
      2
    ],
    [
      2
    ],
    [
      2
    ],
    [
      4
    ],
    [
      0,
      3
    ],
    [
      3
    ],
    [
      2,
      3
    ],
    [
      2
    ],
    [
      3
    ],
    [
      4
    ],
    [
      2
    ],
    [
      0,
      1
    ],
    [
      3
    ],
    [
      2
    ],
    [
      4
    ],
    [
      1
    ],
    [
      3
    ],
    [
      3
    ],
    [
      2
    ],
    [
      3
    ],
    [
      0
    ],
    [
      2,
      3
    ],
    [
      2,
      3
    ],
    [
      4
    ],
    [
      2
    ],
    [
      2,
      3,
      4
    ],
    [
      3
    ],
    [
      3
    ],
    [
      3
    ],
    [
      2
    ],
    [
      2
    ],
    [
      3
    ],
    [
      4
    ]
  ]
}