{
  "SM": 0.00625,
  "ICP": 0,
  "IFN": 0.0,
  "NED": 0.6296296296296297,
  "microservices": [
    [
      1
    ],
    [
      2
    ],
    [
      6
    ],
    [
      7
    ],
    [
      1
    ],
    [
      6
    ],
    [
      6
    ],
    [
      3
    ],
    [
      4
    ],
    [
      0,
      7
    ],
    [
      7
    ],
    [
      1
    ],
    [
      2
    ],
    [
      7
    ],
    [
      2
    ],
    [
      7
    ],
    [
      4
    ],
    [
      0
    ],
    [
      7
    ],
    [
      0
    ],
    [
      5
    ],
    [
      7
    ],
    [
      4,
      7
    ],
    [
      7
    ],
    [
      7
    ]
  ]
}