{
    "GA": {
        "microservices": [-1, -1, -1, 7, -1, -1, -1, -1, 3, -1, -1, -1, -1, -1, -1, -1, 2, 1, -1, -1, -1, -1, 1, 1, -1, -1, -1, 0, -1, -1, -1, 1, -1, -1, -1, 0, 1, -1, -1, 7, -1, 1, 4, 3, -1, -1, -1, -1, -1, -1, -1, -1, -1, 1, -1, -1, -1, 1, 1, 7, -1, 5, -1, -1, 2, -1, -1, 0],
        "ICP": 0.3569297797960221,
        "NED": 0.875,
        "SM": 2.296847442680776,
        "IFN": 2.375
    },
    "HillClimbing": {
        "microservices": [-1, -1, -1, 0, -1, -1, -1, -1, 1, -1, -1, -1, -1, -1, -1, -1, 1, 3, -1, -1, -1, -1, 1, 2, -1, -1, -1, 0, -1, -1, -1, 1, -1, -1, -1, 0, 2, -1, -1, 1, -1, 1, 1, 1, -1, -1, -1, -1, -1, -1, -1, -1, -1, 2, -1, -1, -1, 2, 1, 0, -1, 1, -1, -1, 1, -1, -1, 1],
        "ICP": 0.3501109490942178,
        "NED": 0.75,
        "SM": 0.515625,
        "IFN": 4.5
    }
}