{
    "GA": {
        "microservices": [3, -1, -1, -1, 2, -1, -1, 5, 9, -1, 4, -1, -1, -1, 3, 2, 0, -1, 3, 0, 8, 4, -1, 1, 1, 1, 0, 3, 3, 3, 0, -1, 6, -1, 0, 1, -1, -1, -1, 0, 0, 4, -1, -1, 5, 4, 2, -1, -1, -1, -1, 5, -1, 5, 3, 2, -1, -1, 2, 7, -1, 10, 4, -1, -1, 3, 3, 3, 1, 6, 0, 10, -1, -1, -1, -1, -1, -1, 5, 5, -1, 4, 5, -1, -1, 0, -1, -1, -1, 3, 3, 0, -1, -1, 3, -1, 3, 2, 10, -1, 3, 1, -1, 0, -1, 4, -1, -1],
        "ICP": 0.5956091474322788,
        "NED": 0.4545454545454546,
        "SM": 5.758394060353918,
        "IFN": 2.3636363636363638
    },
    "HillClimbing": {
        "microservices": [3, -1, -1, -1, 2, -1, -1, 0, 3, -1, 5, -1, -1, -1, 3, 2, 0, -1, 3, 0, 3, 5, -1, 3, 1, 1, 0, 3, 3, 5, 3, -1, 4, -1, 0, 3, -1, -1, -1, 3, 0, 3, -1, -1, 3, 3, 2, -1, -1, -1, -1, 0, -1, 3, 3, 2, -1, -1, 3, 3, -1, 6, 1, -1, -1, 3, 3, 1, 3, 4, 2, 6, -1, -1, -1, -1, -1, -1, 0, 3, -1, 5, 0, -1, -1, 0, -1, -1, -1, 1, 3, 2, -1, -1, 3, -1, 3, 2, 5, -1, 3, 3, -1, 3, -1, 3, -1, -1],
        "ICP": 0.3922487628684482,
        "NED": 0.7142857142857143,
        "SM": 1.1452701155203036,
        "IFN": 2.7142857142857144
    }
}