{
    "GA": {
        "microservices": [1, -1, 0, -1, -1, 0, 2, 2, -1, 3, -1, 3, -1, -1, 2, -1, -1, -1, -1, -1, 2, 1, 3, 0, 2, 0, 0, -1, 0, -1, 0, -1, -1, 2, 0, -1, -1, -1, 0, 1, -1, -1, -1, 3, -1, -1, 2, 2, 3, -1, 0, -1, -1, 3, -1, -1, 0, -1, 3, -1, -1, -1, -1, -1, -1, 1, -1, 0, -1, 2, -1, -1, 1],
        "ICP": 0.4536083292525974,
        "NED": 0.25,
        "SM": 0.06750755857898713,
        "IFN": 3.25
    },
    "HillClimbing": {
        "microservices": [2, -1, 1, -1, -1, 1, 0, 1, -1, 1, -1, 1, -1, -1, 2, -1, -1, -1, -1, -1, 3, 1, 3, 1, 0, 3, 1, -1, 0, -1, 0, -1, -1, 0, 1, -1, -1, -1, 0, 2, -1, -1, -1, 3, -1, -1, 2, 1, 3, -1, 2, -1, -1, 1, -1, -1, 0, -1, 3, -1, -1, -1, -1, -1, -1, 2, -1, 3, -1, 3, -1, -1, 2],
        "ICP": 0.33453667824551747,
        "NED": 0.0,
        "SM": 0.20551767969584528,
        "IFN": 3.25
    }
}