{
    "GA": {
        "microservices": [-1, 0, 2, -1, 4, 2, 4, -1, -1, 2, 3, 1, 2, 0, 2, 0, 0, 2, 0, 0, -1, 2, -1, -1, 3, 4, 2, -1, 2, 5, -1, 2, -1, 0, -1, 4, 0],
        "ICP": 0.3110316360183715,
        "NED": 0.6666666666666667,
        "SM": 2.3605208333333336,
        "IFN": 2.1666666666666665
    },
    "HillClimbing": {
        "microservices": [-1, 0, 1, -1, 2, 2, 2, -1, -1, 1, 2, 1, 1, 0, 1, 0, 0, 1, 0, 0, -1, 1, -1, -1, 2, 2, 1, -1, 1, 2, -1, 1, -1, 1, -1, 0, 0],
        "ICP": 0.2608940563076366,
        "NED": 0.0,
        "SM": 1.990095470006184,
        "IFN": 3.6666666666666665
    }
}