{
    "microservice": [-1, -1, -1, 4, -1, -1, -1, -1, 0, -1, -1, -1, -1, -1, -1, -1, 0, 0, -1, -1, -1, -1, 0, 0, -1, -1, -1, 4, -1, -1, -1, 0, -1, -1, -1, 4, 0, -1, -1, 0, -1, 4, 5, 0, -1, -1, -1, -1, -1, -1, -1, -1, -1, 0, -1, -1, 1, 0, 0, 4, -1, 2, -1, -1, 0, -1, -1, 0],
    "ICP": 0.1609205258173936,
    "NED": 0.8333333333333334,
    "SM": 2.08343537414966,
    "IFN": 2.5
}
