{
    "microservice": [-1, -1, -1, 4, -1, -1, -1, -1, 0, -1, -1, -1, -1, -1, -1, -1, 0, 0, -1, -1, -1, -1, 0, 0, -1, -1, -1, 4, -1, -1, -1, 0, -1, -1, -1, 4, 0, -1, -1, 0, -1, 4, 5, 0, -1, -1, -1, -1, -1, -1, -1, -1, -1, 0, -1, -1, 1, 0, 0, 4, -1, 2, -1, -1, 0, -1, -1, 0],
    "ICP": 0.1609205258173936,
    "NED": 0.8333333333333334,
    "SM": 2.08343537414966,
    "IFN": 2.5
}

{
    "epoch-200": {
        "microservice": [-1, -1, -1, 5, -1, -1, -1, -1, 4, -1, -1, -1, -1, -1, -1, -1, 0, 0, -1, -1, -1, -1, 4, 4, -1, -1, -1, 5, -1, -1, -1, 0, -1, -1, -1, 5, 4, -1, -1, 0, -1, 5, 2, 4, -1, -1, -1, -1, -1, -1, -1, -1, -1, 0, -1, -1, 1, 4, 0, 5, -1, 5, -1, -1, 0, -1, -1, 0],
        "ICP":  0.25635738871522035,
        "NED":  0.5,
        "SM":  0.4385995370370371,
        "IFN":  2.5,
    },
    
    "epoch-500": {
        "microservice": [-1, -1, -1, 5, -1, -1, -1, -1, 1, -1, -1, -1, -1, -1, -1, -1, 1, 1, -1, -1, -1, -1, 1, 1, -1, -1, -1, 5, -1, -1, -1, 1, -1, -1, -1, 5, 1, -1, -1, 1, -1, 5, 2, 1, -1, -1, -1, -1, -1, -1, -1, -1, -1, 1, -1, -1, 4, 1, 1, 5, -1, 3, -1, -1, 1, -1, -1, 1] ,
        "ICP":  0.16092052581739363,
        "NED":  0.8333333333333334,
        "SM":  2.08343537414966,
        "IFN": 2.5 ,
    },
    
    "epoch-1000": {
        "microservice": [-1, -1, -1, 0, -1, -1, -1, -1, 1, -1, -1, -1, -1, -1, -1, -1, 0, 1, -1, -1, -1, -1, 1, 1, -1, -1, -1, 0, -1, -1, -1, 1, -1, -1, -1, 0, 1, -1, -1, 0, -1, 0, 4, 1, -1, -1, -1, -1, -1, -1, -1, -1, -1, 1, -1, -1, 3, 1, 1, 0, -1, 5, -1, -1, 1, -1, -1, 1],
        "ICP":  0.25449626581175133,
        "NED":  0.6666666666666667,
        "SM":  2.0522108843537414,
        "IFN":  2.8333333333333335,
    }
    }
