{
    "microservice": [1,0,4,3,2,3,3,0,5,0,1,1,2,2,3,0,1,2,2,4,2,0,1,5,3,1],
    "ICP":  0.5753984972306516,
    "NED":  0.6666666666666667
}
