{
    "microservice": [1, -1, 2, -1, 1, -1, -1, 4, 1, -1, 1, 1, 1, 1, 1, 1, 1, -1, 1, 1, 1, 1, -1, 1, 1, 1, 1, 1, 1, 1, 1, -1, 1, 1, 1, 1, -1, -1, 1, 1, 1, 1, 1, 5, 1, 1, 1, -1, -1, -1, -1, 4, -1, 1, 1, 1, -1, -1, 1, 1, -1, 1, 1, -1, -1, 1, 1, 1, 1, 1, 1, 1, 3, -1, -1, -1, -1, -1, 4, 1, -1, 1, 4, 1, -1, 1, -1, -1, 0, 1, 1, 1, -1, -1, 1, -1, 1, 1, 1, 1, 1, 1, 1, 1, -1, 1, -1, -1],
    "ICP": 0.030826765924398553,
    "NED": 1.0,
    "SM": 1.133984220907298,
    "IFN": 1.3333333333333333
}

{
    "epoch-200": {
        "microservice": [4, -1, 1, -1, 1, -1, -1, 3, 4, -1, 4, 5, 1, 1, 4, 1, 1, -1, 4, 1, 4, 4, -1, 4, 1, 1, 1, 4, 1, 1, 4, -1, 1, 1, 1, 4, -1, -1, 1, 1, 1, 4, 1, 1, 1, 1, 1, -1, -1, -1, -1, 3, -1, 1, 4, 1, -1, -1, 4, 1, -1, 1, 1, -1, -1, 4, 1, 1, 4, 1, 1, 1, 2, -1, -1, -1, -1, -1, 3, 1, -1, 4, 3, 1, -1, 1, -1, -1, 0, 1, 4, 1, -1, -1, 4, -1, 4, 1, 1, 1, 1, 4, 1, 4, -1, 1, -1, -1],
        "ICP":  0.2936643000679059,
        "NED":   1.0,
        "SM":  1.1612086776859503,
        "IFN":  2.6666666666666665,
    },
    
    "epoch-500": {
        "microservice": [0, -1, 0, -1, 5, -1, -1, 2, 0, -1, 0, 0, 3, 0, 0, 5, 0, -1, 0, 0, 0, 0, -1, 0, 0, 0, 0, 0, 0, 0, 0, -1, 0, 4, 0, 0, -1, -1, 0, 0, 0, 0, 1, 0, 0, 0, 5, -1, -1, -1, -1, 2, -1, 0, 0, 5, -1, -1, 0, 0, -1, 0, 0, -1, -1, 0, 0, 0, 0, 0, 5, 0, 0, -1, -1, -1, -1, -1, 2, 0, -1, 0, 2, 0, -1, 0, -1, -1, 0, 0, 0, 5, -1, -1, 0, -1, 0, 5, 0, 0, 0, 0, 0, 0, -1, 0, -1, -1] ,
        "ICP":  0.04199210726760013,
        "NED":  0.8333333333333334,
        "SM":  1.17064052279918,
        "IFN": 1.6666666666666667 ,
    },
    
    "epoch-1000": {
        "microservice": [4, -1, 5, -1, 1, -1, -1, 2, 4, -1, 4, 0, 0, 0, 4, 1, 0, -1, 4, 0, 0, 0, -1, 4, 0, 0, 0, 4, 0, 0, 4, -1, 0, 0, 0, 4, -1, -1, 0, 0, 0, 4, 0, 0, 0, 0, 1, -1, -1, -1, -1, 2, -1, 0, 4, 1, -1, -1, 4, 0, -1, 0, 0, -1, -1, 0, 0, 0, 4, 0, 1, 0, 3, -1, -1, -1, -1, -1, 2, 0, -1, 4, 2, 0, -1, 0, -1, -1, 0, 0, 0, 1, -1, -1, 4, -1, 4, 1, 0, 0, 0, 4, 0, 0, -1, 0, -1, -1],
        "ICP":  0.27119824575197066,
        "NED":  0.6666666666666667,
        "SM":   0.8721762461864457,
        "IFN":  2.8333333333333335,
    }
    }