{
    "microservice": [1, -1, 2, -1, 1, -1, -1, 4, 1, -1, 1, 1, 1, 1, 1, 1, 1, -1, 1, 1, 1, 1, -1, 1, 1, 1, 1, 1, 1, 1, 1, -1, 1, 1, 1, 1, -1, -1, 1, 1, 1, 1, 1, 5, 1, 1, 1, -1, -1, -1, -1, 4, -1, 1, 1, 1, -1, -1, 1, 1, -1, 1, 1, -1, -1, 1, 1, 1, 1, 1, 1, 1, 3, -1, -1, -1, -1, -1, 4, 1, -1, 1, 4, 1, -1, 1, -1, -1, 0, 1, 1, 1, -1, -1, 1, -1, 1, 1, 1, 1, 1, 1, 1, 1, -1, 1, -1, -1],
    "ICP": 0.030826765924398553,
    "NED": 1.0,
    "SM": 1.133984220907298,
    "IFN": 1.3333333333333333
}
