{
    "microservice": [1, -1, 1, -1, -1, 1, 1, 1, -1, 5, -1, 1, -1, -1, 1, -1, 0, -1, -1, -1, 1, 1, 5, 1, 1, 5, 1, -1, 1, -1, 1, -1, 4, 1, 1, -1, -1, -1, 1, 1, -1, -1, -1, 5, -1, 3, 1, 1, 5, -1, 1, -1, -1, 1, -1, -1, 1, -1, 1, -1, -1, -1, -1, -1, 2, 1, -1, 5, -1, 1, -1, -1, 1],
    "ICP": 0.21005769097831298,
    "NED": 0.8333333333333334,
    "SM": 0.059819387288523096,
    "IFN": 1.8333333333333333

}
