{
    "microservice": [-1, 1, 0, -1, 5, 0, 2, -1, -1, 3, 2, 3, 3, 5, 0, 2, 1, 4, 0, 1, -1, 0, -1, -1, 2, 2, 0, -1, 0, 2, -1, 3, -1, 2, -1, 5, 5],
    "ICP":  0.49322213415393956,
    "NED":  0.6666666666666667,
    "SM":  1.4866213151927439,
    "IFN":  2.6666666666666665
}

{
    "epoch-200": {
        "microservice": [-1, 2, 1, -1, 4, 3, 5, -1, -1, 1, 5, 0, 0, 4, 1, 5, 2, 0, 1, 2, -1, 1, -1, -1, 5, 5, 1, -1, 1, 5, -1, 1, -1, 5, -1, 4, 4],
        "ICP":  0.4570559086160267,
        "NED":  0.6666666666666667,
        "SM":  1.856332671957672,
        "IFN":  2.6666666666666665,
    },
    
    "epoch-500": {
        "microservice": [-1, 5, 0, -1, 1, 3, 2, -1, -1, 0, 2, 4, 4, 1, 0, 2, 5, 4, 0, 5, -1, 0, -1, -1, 2, 2, 0, -1, 0, 2, -1, 0, -1, 2, -1, 1, 1],
        "ICP":  0.4570559086160266,
        "NED":  0.6666666666666667,
        "SM":  1.856332671957672,
        "IFN":  2.6666666666666665,
    },
    
    "epoch-1000": {
        "microservice": [-1, 0, 1, -1, 5, 4, 2, -1, -1, 1, 2, 4, 3, 2, 1, 2, 0, 3, 1, 0, -1, 1, -1, -1, 2, 2, 1, -1, 1, 2, -1, 1, -1, 1, -1, 4, 5],
        "ICP":  0.4877295966697498,
        "NED":  0.6666666666666667,
        "SM":  3.166740152851264,
        "IFN":  2.6666666666666665,
    }
    }
