{
    "microservice": [-1, 1, 0, -1, 5, 0, 2, -1, -1, 3, 2, 3, 3, 5, 0, 2, 1, 4, 0, 1, -1, 0, -1, -1, 2, 2, 0, -1, 0, 2, -1, 3, -1, 2, -1, 5, 5],
    "ICP":  0.49322213415393956,
    "NED":  0.6666666666666667,
    "SM":  1.4866213151927439,
    "IFN":  2.6666666666666665
}
