{
    "microservice": [1,1,1,1,1,1,1,4,4,4,1,1,1,1,5,5,1,1,1,1,1,4,3,1,1,2,1,0,4,4,1,1,1,1,1,1,1],
    "ICP":  0.3783882414609675,
    "NED":  0.8333333333333334
}
